name.firstName,name.lastName,age,address.line1,address.line2,address.city,address.state,gender
Rohit,Miller,35,"A-101 Royal Plaza","Opposite Mall",Austin,TX,male
Wei,Garcia,59,"456 Rosewood Est","Sector 15",Toronto,Ontario,female
Jane,Garcia,26,"Flat 42A Silver Towers","Opposite Mall",Pune,Maharashtra,female
Karan,Miller,78,"Flat 404 Green Valley","Sector 15",Hyderabad,Telangana,female
Kenji,Gupta,31,"C-99 Rosewood Est","Near City Park",Austin,TX,female
David,Singh,22,"House No. 123 Pine Ave","Near City Park",Hyderabad,Telangana,male
Jane,Prasad,79,"Flat 202 Green Valley","Main Road",Miami,FL,female
Aisha,Doe,36,"House No. 12 Rosewood Est","2nd Cross",Chicago,IL,female
Karan,Prasad,59,"Flat 110 Rosewood Est","Sector 15",Kolkata,West Bengal,male
Mei,Patel,71,"42A Pine Ave","2nd Cross",Chicago,IL,non-binary
Rohan,Sharma,39,"House No. 789 Oak St","2nd Cross",Kolkata,West Bengal,male
Sneha,Johnson,29,"A-99 Cedar Ln","Elm Street",Jaipur,Rajasthan,non-binary
Michael,Reddy,50,"Plot 456 Silver Towers","Church Road",Chicago,IL,female
Chris,Gupta,50,"House No. 101 Cedar Ln","Elm Street",London,London,female
Amit,Smith,36,"Flat 505 Green Valley","Near City Park",Austin,TX,female
John,Tanaka,50,"Plot 55 Green Valley","Church Road",Pune,Maharashtra,female
Chris,Chen,67,"B-101 Oak St","2nd Cross",Pune,Maharashtra,male
Jessica,Kumar,22,"Flat 404 Ocean View","Opposite Mall",Pune,Maharashtra,non-binary
Sunita,Jones,38,"A-12 Cedar Ln","Main Road",Kolkata,West Bengal,female
Mei,Kumar,76,"A-101 Pine Ave","",Toronto,Ontario,male
Aisha,Sharma,39,"House No. 123 Pine Ave","2nd Cross",Jaipur,Rajasthan,female
Yui,Prasad,73,"A-42A Ocean View","New Colony",Sydney,New South Wales,female
Kenji,Smith,71,"A-101 Cedar Ln","Church Road",Houston,TX,prefer not to say
Priya,Kumar,36,"A-110 Oak St","Sector 15",Chennai,Tamil Nadu,female
Arjun,Miller,62,"63 Rosewood Est","Near City Park",London,London,male
Amit,Miller,31,"Plot 123 Royal Plaza","Sector 15",Chicago,IL,male
Anjali,Reddy,53,"House No. 12 Cedar Ln","Main Road",New York,NY,female
Arjun,Shah,69,"404 Rosewood Est","Opposite Mall",Mumbai,Maharashtra,male
Yui,Brown,43,"101 Royal Plaza","Opposite Mall",Kolkata,West Bengal,female
Wei,Johnson,30,"A-505 Green Valley","New Colony",Pune,Maharashtra,female
Jessica,Patel,20,"B-99 Cedar Ln","Main Road",Hyderabad,Telangana,male
John,Brown,78,"456 Rosewood Est","2nd Cross",Austin,TX,female
Anjali,Jones,50,"Plot 404 Cedar Ln","New Colony",Jaipur,Rajasthan,female
Karan,Prasad,68,"A-404 Sunshine Apts","2nd Cross",Delhi,Delhi,female
Jane,Brown,66,"Flat 123 Ocean View","Sector 15",Miami,FL,female
Rohit,Williams,60,"Plot 22B Rosewood Est","Elm Street",Delhi,Delhi,male
John,Johnson,66,"Plot 99 Rosewood Est","",Toronto,Ontario,male
Jane,Reddy,49,"Flat 123 Green Valley","Church Road",Ahmedabad,Gujarat,female
Rohan,Garcia,55,"House No. 63 Royal Plaza","Church Road",Houston,TX,male
Michael,Sharma,69,"C-78 Ocean View","2nd Cross",Chennai,Tamil Nadu,male
Michael,Prasad,26,"C-123 Ocean View","New Colony",Mumbai,Maharashtra,male
Aisha,Prasad,75,"Flat 55 Sunshine Apts","Church Road",Pune,Maharashtra,male
Pooja,Miller,76,"House No. 99 Ocean View","",Toronto,Ontario,female
Sarah,Garcia,26,"A-63 Royal Plaza","2nd Cross",Kolkata,West Bengal,male
Rohit,Miller,53,"House No. 202 Silver Towers","New Colony",New York,NY,male
Anjali,Lee,22,"Plot 789 Royal Plaza","Near City Park",Hyderabad,Telangana,female
Kenji,Patel,53,"Flat 789 Oak St","Church Road",Delhi,Delhi,female
Emily,Johnson,30,"Plot 110 Rosewood Est","Church Road",Toronto,Ontario,female
Pooja,Prasad,23,"A-99 Green Valley","Opposite Mall",Los Angeles,CA,female
Michael,Gupta,50,"456 Maple Dr","2nd Cross",Jaipur,Rajasthan,female
John,Tanaka,76,"Flat 110 Pine Ave","Elm Street",Chicago,IL,non-binary
Rohan,Miller,50,"C-22B Rosewood Est","Main Road",Toronto,Ontario,male
Laura,Miller,40,"Plot 12 Silver Towers","New Colony",Chennai,Tamil Nadu,prefer not to say
Aisha,Sharma,31,"Flat 404 Pine Ave","New Colony",Delhi,Delhi,female
David,Garcia,34,"A-12 Cedar Ln","Phase 2",New York,NY,male
Laura,Reddy,21,"Flat 101 Green Valley","Church Road",Chennai,Tamil Nadu,non-binary
Chris,Kumar,57,"B-99 Green Valley","Main Road",Mumbai,Maharashtra,non-binary
Jessica,Reddy,66,"C-101 Royal Plaza","New Colony",Mumbai,Maharashtra,female
Sunita,Garcia,71,"456 Oak St","Opposite Mall",Sydney,New South Wales,male
Arjun,Shah,40,"House No. 404 Maple Dr","Main Road",Hyderabad,Telangana,male
Karan,Gupta,26,"Plot 22B Royal Plaza","2nd Cross",Sydney,New South Wales,male
Pooja,Ali,27,"42A Pine Ave","2nd Cross",New York,NY,female
Michael,Miller,61,"63 Rosewood Est","New Colony",Austin,TX,female
John,Miller,22,"Plot 99 Sunshine Apts","Near City Park",Houston,TX,male
Mark,Shah,30,"C-110 Oak St","Sector 15",Toronto,Ontario,male
Vikram,Sharma,52,"A-78 Rosewood Est","Opposite Mall",Chicago,IL,male
John,Johnson,39,"C-101 Royal Plaza","",Chennai,Tamil Nadu,male
Fatima,Garcia,59,"C-505 Pine Ave","Elm Street",Toronto,Ontario,female
Sunita,Chen,55,"Plot 202 Green Valley","Main Road",Kolkata,West Bengal,male
Michael,Patel,69,"Plot 789 Oak St","Phase 2",Miami,FL,female
Vikram,Gupta,76,"A-110 Oak St","Church Road",Jaipur,Rajasthan,male
Pooja,Reddy,49,"House No. 99 Cedar Ln","Sector 15",Sydney,New South Wales,female
Mei,Williams,48,"House No. 12 Rosewood Est","Elm Street",Ahmedabad,Gujarat,female
Rohan,Johnson,29,"C-55 Sunshine Apts","Sector 15",New York,NY,female
Emily,Williams,50,"Plot 22B Sunshine Apts","2nd Cross",New York,NY,non-binary
Jane,Williams,48,"Plot 123 Silver Towers","Sector 15",Ahmedabad,Gujarat,female
Jane,Williams,49,"Flat 101 Ocean View","Phase 2",Sydney,New South Wales,non-binary
Sneha,Kumar,33,"House No. 202 Oak St","Sector 15",Jaipur,Rajasthan,female
Chris,Johnson,34,"B-505 Pine Ave","Sector 15",Hyderabad,Telangana,male
Rohit,Reddy,74,"Plot 202 Rosewood Est","Near City Park",Austin,TX,female
Amit,Reddy,70,"House No. 55 Sunshine Apts","Opposite Mall",Jaipur,Rajasthan,female
Rohan,Reddy,25,"C-123 Maple Dr","Elm Street",Austin,TX,male
Pooja,Lee,46,"123 Silver Towers","Church Road",Hyderabad,Telangana,female
Vikram,Brown,43,"123 Rosewood Est","New Colony",Mumbai,Maharashtra,male
Yui,Prasad,68,"C-101 Oak St","2nd Cross",New York,NY,female
Jane,Johnson,21,"Plot 110 Ocean View","Elm Street",Ahmedabad,Gujarat,prefer not to say
Pooja,Lee,75,"Flat 505 Green Valley","Church Road",Los Angeles,CA,female
Karan,Kumar,36,"House No. 789 Rosewood Est","Main Road",Pune,Maharashtra,male
Sneha,Williams,31,"Plot 77 Pine Ave","Opposite Mall",Delhi,Delhi,female
Jane,Miller,31,"House No. 78 Maple Dr","Near City Park",Mumbai,Maharashtra,female
Arjun,Jones,75,"Flat 101 Pine Ave","Sector 15",New York,NY,male
Chris,Doe,34,"A-12 Cedar Ln","New Colony",Jaipur,Rajasthan,male
Sneha,Brown,24,"Plot 99 Maple Dr","Main Road",Mumbai,Maharashtra,female
Karan,Miller,53,"Plot 22B Pine Ave","Phase 2",Mumbai,Maharashtra,male
Jane,Miller,20,"Plot 77 Oak St","Sector 15",Mumbai,Maharashtra,female
Rohit,Jones,38,"Plot 404 Green Valley","Phase 2",London,London,male
Amit,Williams,43,"Plot 123 Green Valley","Elm Street",Jaipur,Rajasthan,male
Anjali,Reddy,21,"Plot 505 Silver Towers","2nd Cross",Toronto,Ontario,female
Priya,Sharma,69,"C-123 Green Valley","New Colony",Kolkata,West Bengal,female